index;lat;lon;grad;dist;label
0;46.823613;9.277651;-1.8011397959151476;52.74437898461868;Start
0;46.823218;9.277496;1.1756260544902444;119.08548595472699;
0;46.822814;9.276224;23.086199610167384;66.70651843977726;
0;46.822273;9.27589;18.68229334925129;74.93726673851347;
0;46.821537;9.27574;22.76167530174528;65.46091094998349;
0;46.821013;9.276113;13.545896000645993;70.87017351633529;
0;46.820686;9.276851;3.6554859909185664;142.25194715335618;
0;46.820294;9.278548;3.622554826615137;201.51523853736114;
0;46.819354;9.280994;2.79092033757263;89.57618626170984;
0;46.819012;9.28208;1.8398913961377699;141.31268864334766;
0;46.818633;9.283206;6.019581421827229;104.65843982367142;
0;46.818154;9.284122;5.141117722461376;159.4983900908262;
0;46.817784;9.286335;7.553763884070706;108.55515377297024;
0;46.817419;9.287853;5.017022470065298;185.3689126466861;
0;46.817065;9.28976;7.581166234816759;52.76233070355147;
0;46.816894;9.290685;7.27111600387248;64.6393208071072;
0;46.816608;9.291369;5.76879461816075;57.20432461941391;
0;46.816485;9.291972;5.024823331002617;153.23921843165863;
0;46.815908;9.293641;-4.470952082428049;176.69614557152272;
0;46.815069;9.295744;-13.518343317256196;62.13779161295042;
0;46.814818;9.296421;-14.66102850560855;66.16179755935491;
0;46.814641;9.2969;-26.971984788696275;76.74629865828501;
0;46.814326;9.298037;-23.558266498547773;78.1042187511307;
0;46.814033;9.299233;-9.782354200082022;87.91339818719507;
0;46.813882;9.300152;-3.292063672206432;69.8649913553595;
0;46.81385;9.300759;-6.39350003384601;93.84531114783931;
0;46.814444;9.301722;-20.700499611866128;52.65573394060448;
0;46.814524;9.302347;-9.35236699159902;118.68653154833146;
0;46.814355;9.303183;-29.57564926669128;63.90392254646349;
0;46.814155;9.302354;-27.492659903205563;51.28641626398576;
0;46.81382;9.301704;-9.080520206413755;56.16418315327246;
0;46.813375;9.301225;-14.08589478188819;87.3213962652585;
0;46.812813;9.301156;-22.081548827460043;86.95042249990775;
0;46.812691;9.299767;-19.549161099232236;60.87217727448842;
0;46.812596;9.298965;-16.932215349282735;98.03796879244874;
0;46.812477;9.297734;-16.9050688431886;58.562316970326265;
0;46.812254;9.297436;-6.390580981131526;71.98093590522876;
0;46.812017;9.297855;-12.093751701869401;58.708002074348315;
0;46.811564;9.298209;-6.636936640983859;61.77548802684123;
0;46.811283;9.298662;-1.4559468680405017;322.8139778428499;
0;46.809277;9.29684;-13.476723751686576;51.1993873817928;
0;46.809167;9.295958;-9.335244292290268;53.56046230230277;
0;46.809176;9.295422;-13.701252854576387;67.14714411629166;
0;46.809338;9.294487;-10.319611755644669;61.04880831930586;
0;46.809535;9.293895;-12.598583889307093;64.29294015238247;
0;46.809508;9.293193;-16.370990775495628;61.694494478109846;
0;46.80902;9.292407;-9.165878236415177;80.73421672350469;
0;46.808582;9.291896;-10.9540858786999;99.50624927265744;
0;46.808036;9.291033;-12.193523876386484;55.767307867158706;
0;46.807672;9.290496;-6.647669869052225;57.162886768649514;
0;46.80719;9.290296;-0.8296645784967681;506.2286746783666;
0;46.803181;9.289433;0.30166775385838207;66.29810360637202;
0;46.80266;9.288994;6.674510853955487;70.41714520869482;
0;46.802322;9.288281;0.16555810696172135;241.6070148062645;
0;46.801569;9.285292;-6.135599867197121;50.52480714352805;
0;46.80119;9.284971;-5.487491175871677;61.95909735490386;
0;46.800844;9.284633;-11.585470468008813;50.06270583499918;
0;46.800766;9.284025;-15.772053873675254;59.59908630346035;
0;46.801023;9.283146;-10.769429685496283;54.78470236864814;
0;46.800945;9.282634;-12.766732283097976;50.91357644121217;
0;46.80059;9.282178;-11.305972387764536;54.83827297075095;
0;46.80036;9.28161;-11.463966479824386;95.08052923203377;
0;46.800212;9.280412;-12.044217516629654;53.13753252266815;
0;46.799999;9.279805;-13.11884121334185;57.16968349592116;
0;46.79981;9.279036;-11.07491862824473;57.78823497337453;
0;46.799646;9.278362;-9.288187927887275;61.368267354776435;
0;46.79948;9.27766;-4.577385331185638;78.64751904265722;
0;46.799067;9.276856;-1.585822260820027;100.89403078328996;
0;46.798675;9.275801;-10.657467957096832;69.43487918321443;
0;46.798275;9.274823;-3.506819087326013;71.2896769906165;
0;46.797928;9.273822;-1.6103527707833514;117.98657005295354;
0;46.79753;9.272894;-14.518583888951559;81.27514425824756;
0;46.796772;9.271933;-8.88921399927939;53.998025026611685;
0;46.796635;9.271583;-19.289973302140247;62.72688826716785;
0;46.796272;9.270774;-10.590670287044349;64.20745633369825;
0;46.795935;9.270364;-12.735028975239585;63.60409556781269;
0;46.795406;9.270318;-17.85776859714273;53.1981358607145;
0;46.795001;9.270072;-15.002610000170849;55.99025769452328;
0;46.794535;9.269928;-19.178718644870266;50.05548169177473;
0;46.794072;9.269595;-15.71056673066146;95.4771413225044;
0;46.793704;9.268553;-7.971493400164438;56.45115380647712;
0;46.793576;9.267811;-0.7076404887352878;84.78881713966894;
0;46.793143;9.267217;0.960515514110434;83.28860786189125;
0;46.792944;9.268429;6.457719679893652;65.03843784171659;
0;46.792914;9.26921;6.602968403056848;54.52093331740616;
0;46.792828;9.269757;-12.280553211855871;53.74350720314669;
0;46.792851;9.270744;-10.814709053150818;158.1179846444229;
0;46.792854;9.272639;-11.007770290983757;138.9927260067543;
0;46.792264;9.274018;-8.441425685591788;50.93926263355479;
0;46.791655;9.27386;-0.11735418314022758;85.21213076872755;
0;46.791281;9.274154;-0.8411535052361111;451.76058547522916;
0;46.793967;9.278855;-1.6076019665118086;217.71558339122566;
0;46.795509;9.280118;-7.553899471142519;56.92424179626505;
0;46.795868;9.280529;0.21968936849601295;91.03763253053148;
0;46.796266;9.281633;-0.9339839705120417;74.94775307720556;
0;46.796538;9.282456;0.28717312019937996;104.46660181554216;
0;46.79638;9.283747;-4.066918970266832;59.01273218242932;
0;46.796148;9.28457;2.9197944393817163;61.648175492149676;
0;46.795772;9.285393;2.2951563971189373;56.64102026475484;
0;46.795495;9.286067;1.5934448382518014;131.7899402343901;
0;46.795262;9.287405;1.8954100066351052;73.86264687318908;
0;46.795257;9.288135;1.3898719772264276;57.55925819847107;Au
0;46.794938;9.288287;11.549930973510385;63.203840929807484;
0;46.794436;9.288439;16.219533380223073;51.172865491435005;
0;46.794356;9.288991;3.7697250273251965;50.40155412470813;
0;46.794523;9.289785;3.7052416272261564;75.56862093488417;
0;46.794497;9.290604;-0.9260084470973999;313.1720892061094;
0;46.793681;9.294581;-6.300471434640542;57.13858141165292;
0;46.793625;9.295232;8.185797233882232;53.751636820268686;
0;46.793423;9.295637;12.201590142196386;64.74565944220376;
0;46.792979;9.296335;12.519229139898991;95.0537758117589;
0;46.792239;9.296965;11.138800747715369;50.27471203440473;
0;46.791913;9.297369;11.953746648928545;82.81922221337481;
0;46.791798;9.298306;7.6987061707537565;76.63625379564837;
0;46.791884;9.29922;7.66408318666868;56.10586283144221;
0;46.792023;9.299849;7.001038352051295;55.706022505322835;
0;46.792261;9.30054;9.333976198152156;52.49638413444882;
0;46.792608;9.301048;-0.9958294086047071;70.29316406519138;
0;46.793142;9.301358;-9.967054125161866;68.22477248150426;
0;46.793732;9.301781;-9.13744822463659;50.34228251600143;
0;46.794118;9.302074;-8.92603903631461;70.58001846473235;
0;46.794738;9.302575;-6.468929050512402;52.5589316786627;
0;46.795071;9.302801;-9.972093045838704;56.15671629073768;
0;46.795254;9.302234;-10.2580526095305;54.59125833296275;
0;46.795645;9.302459;-11.466733064530494;53.19736637864844;
0;46.795876;9.302549;-8.701133485370036;51.71739989469461;
0;46.796251;9.302296;-16.896017394562822;53.26699061576619;
0;46.796483;9.30216;-21.906286810839145;52.03985549189201;
0;46.796725;9.302126;-15.740890804757065;59.08178968619359;
0;46.797231;9.302416;-8.874421188251636;51.83436646087648;
0;46.797607;9.302221;-8.7966592114975;50.01898896173043;
0;46.798135;9.302157;-3.3493298232923254;62.699110293526246;
0;46.798686;9.302097;-3.2433295937706115;58.58177360849368;
0;46.799158;9.301927;0;105.66345427547094;
0;46.800074;9.301661;5.894278870127387;52.59337178142414;
0;46.800526;9.301476;14.440486213673342;56.0922941246281;
0;46.800966;9.301277;-5.57829470974154;53.779876397728;
0;46.801442;9.301044;-5.56186431045378;61.13058158591957;
0;46.801925;9.301015;-4.064937397070829;54.12137470026573;
0;46.80242;9.301013;0.5525695483933925;54.291808311227214;
0;46.80287;9.301039;2.8566960526969885;66.51040100000137;
0;46.803435;9.301161;6.589166093563967;56.152780905220425;
0;46.803906;9.301279;-14.268696841165893;55.36595309256336;
0;46.804375;9.301668;-0.5346468472339903;112.22361136218024;
0;46.804978;9.302795;-0.3398960335208181;58.841522193813944;
0;46.805337;9.303236;6.660135335675882;58.55736863347556;
0;46.805502;9.304035;4.275350504412527;53.796758830092585;
0;46.805688;9.304557;2.252143250175379;62.16300849828076;
0;46.805815;9.305422;-8.783713505834038;56.92353236110284;
0;46.805986;9.306231;-16.152567989456653;58.19508084495101;
0;46.806273;9.306701;-7.20495935339083;55.51731527975244;
0;46.806622;9.30732;0;59.72486743585068;
0;46.807032;9.307962;-1.6879727486417035;118.48532516946034;
0;46.807304;9.309287;-0.11994264891261508;83.37317952088779;
0;46.807199;9.310131;-0.6414726350048391;140.302165811514;
0;46.807605;9.311608;-8.356964706957546;50.25748160098556;
0;46.807997;9.311393;-1.6065975489626498;105.81368066306277;
0;46.807835;9.312748;-0.10838010004286054;184.53572189078295;
0;46.806753;9.314356;-0.27808157032171826;503.44940097263134;
0;46.805967;9.320336;0.41008404457331543;73.15573574975315;
0;46.806107;9.321185;33.640411983599115;51.72350448170255;
0;46.80615;9.321539;29.122212299331267;55.971022504956636;
0;46.805945;9.32174;-5.353626292646661;63.50835516236839;
0;46.806286;9.321825;-29.091986035762464;59.810285824454695;
0;46.806853;9.321883;-18.521358738680775;53.451801996170616;
0;46.806455;9.322246;-15.331987843178405;54.78741625625116;
0;46.806148;9.322693;0;58.2168217702947;
0;46.80585;9.323178;0.13454796476013922;74.32293768121599;
0;46.805557;9.323984;-0.1570740779053198;127.32845716312295;
0;46.805303;9.325345;19.53658724970753;56.816473922108344;
0;46.805319;9.325757;13.78091766137905;56.600004380401515;
0;46.805479;9.326067;9.372571736539188;64.01658124001187;
0;46.805909;9.325638;29.693415924149818;52.53689922321246;
0;46.80617;9.326169;19.468306286677713;54.447468844547984;
0;46.806443;9.325646;26.90230526239306;52.41186531219137;
0;46.806838;9.325337;18.69371568854343;59.37824338904829;
0;46.807265;9.325326;34.245471753699874;54.02174083936006;
0;46.807552;9.325965;28.17796127929968;55.36241548979706;
0;46.807747;9.325948;31.53054875093644;50.11013327045475;
0;46.807966;9.326569;32.80771234439714;68.2766288757266;
0;46.808238;9.327278;36.65718048728901;51.28599567694255;
0;46.808454;9.32781;16.71744135141349;56.22870032802712;
0;46.808848;9.32802;8.027841932850153;53.56358578018626;
0;46.809375;9.327923;8.760657609291613;52.5074738124822;
0;46.809779;9.328199;9.02665490507084;68.68546615775813;
0;46.810301;9.328485;10.234011747148308;52.765231596540616;
0;46.810678;9.328771;11.98509775766029;56.73712586660986;
0;46.81118;9.328395;11.22559953881716;118.47919528939019;
0;46.812255;9.328863;9.02966714170116;110.74605345990676;
0;46.813144;9.328972;10.242851989411013;75.17437533960401;
0;46.813757;9.329509;8.407900568912629;59.46787737341947;
0;46.814181;9.329424;5.960240896252081;52.01132058184703;
0;46.814522;9.329799;-3.3700681355779825;59.345981135689726;
0;46.814857;9.330399;-7.929620627614797;73.14347397404526;
0;46.815559;9.330748;1.7415773018686131;74.64497835411203;
0;46.816015;9.331256;-7.810223558444114;55.056042478463496;
0;46.816417;9.331425;-14.716190481116584;57.07998962624697;
0;46.816894;9.331801;-13.043518336217053;59.79981626845438;
0;46.817374;9.332146;-14.218176118354942;50.63940648973403;
0;46.817813;9.332387;-10.042553838079513;51.77965768311333;
0;46.818317;9.332565;-2.4042542110746976;99.82305485604957;
0;46.819103;9.332808;-11.609361368454284;55.989298581593175;
0;46.819588;9.332802;-17.678873283109457;54.302103116333456;
0;46.820101;9.332905;-8.549947707247009;51.46230305327481;
0;46.820557;9.33303;-21.86417388925787;56.71378238577017;
0;46.821088;9.333226;-17.655242489769236;52.67557217290596;
0;46.821423;9.333512;-5.287469371109233;56.73791731810343;
0;46.821759;9.334016;18.86852363778258;54.58826666955065;
0;46.821873;9.334499;15.425851444033867;50.564469833636394;
0;46.821469;9.334828;15.777133259482678;55.7769263608825;
0;46.821192;9.335456;17.410203370179904;60.30946208235764;
0;46.821176;9.336138;10.150879991013763;50.24194951092795;
0;46.820688;9.336101;10.860413740489232;61.69194065803822;
0;46.820171;9.335731;14.478350190712014;55.25491436953962;
0;46.81979;9.335606;10.267334197588093;143.14874452467484;
0;46.818476;9.33847;0.5876807176424709;289.6879119719124;
0;46.818354;9.340481;5.8899350848285685;52.63215901963122;
0;46.818574;9.341135;0.18638590176483422;107.3042532220461;
0;46.818878;9.34236;-4.792494786401282;60.51128126896947;
0;46.819341;9.343034;-1.0850848547408718;73.72695292028584;
0;46.819551;9.343782;-0.7472436721990499;53.53006186361381;
0;46.819618;9.344551;-4.6349499308669;53.93801523833099;
0;46.81975;9.3451;-0.9185190821240496;185.0805315953512;
0;46.819867;9.347628;-5.250915762883804;66.65503995969266;
0;46.819889;9.348497;-6.957248630698405;54.619292793890054;
0;46.820181;9.348833;-6.951253977587732;50.35062754554383;
0;46.820492;9.348958;-1.3463662352105392;141.12059187988052;
0;46.820822;9.350874;3.041906156658554;108.48460899349448;
0;46.821423;9.351925;0.8353412830333541;59.85577513712269;
0;46.821785;9.352014;-6.382933805174296;50.1336861335767;
0;46.822186;9.352343;-5.85790369887481;63.162526907206484;
0;46.822404;9.353087;-3.5994233166235263;86.12490744511524;
0;46.822765;9.35423;-3.1112386805179693;93.21046367028612;
0;46.823148;9.355148;0.21872138896632623;137.16079685570003;
0;46.824249;9.355658;7.468206412754166;52.22137397460756;Trin Digg
0;46.824523;9.355056;2.1949600841979344;63.78248106099636;
0;46.825026;9.354589;8.833791326085667;55.468822152619396;
0;46.825276;9.35407;14.844458636477196;55.91312019695033;
0;46.825448;9.353326;14.52764032394686;101.1864258214664;
0;46.825949;9.352313;16.793473897990424;55.97412457421888;
0;46.826179;9.351643;-0.5872369571716748;153.2601088893971;
0;46.8267;9.350843;0.9972005494021232;90.25265785700685;
0;46.826179;9.351643;-16.872098428839095;59.86214484581433;
0;46.825929;9.352385;-16.21461140670208;95.5927935071777;
0;46.825394;9.353455;-12.919133877846853;60.375564443798794;
0;46.825269;9.354162;-9.157419821089695;51.324500698065094;
0;46.82493;9.354633;-1.7520903027045662;85.61202568637964;
0;46.824402;9.355351;-7.595703401619394;50.028283084222494;
0;46.824134;9.355742;0.2620878482730772;76.31029111722091;
0;46.823602;9.355478;0.7257710676834203;82.670696961668;
0;46.824249;9.355658;7.468206412754166;52.22137397460756;
0;46.824523;9.355056;2.1949600841979344;63.78248106099636;
0;46.825026;9.354589;8.833791326085667;55.468822152619396;
0;46.825276;9.35407;14.844458636477196;55.91312019695033;
0;46.825448;9.353326;14.52764032394686;101.1864258214664;
0;46.825949;9.352313;16.793473897990424;55.97412457421888;
0;46.826179;9.351643;-0.6278527575326359;127.41840987430623;
0;46.826895;9.351061;32.2587598224042;50.21891755661636;
0;46.826727;9.351577;4.338233253108096;53.016974095437035;
0;46.826767;9.35205;13.959354282865007;65.90562724876872;
0;46.827426;9.351957;14.147812099121971;53.71855341838818;
0;46.827722;9.351693;11.530416276054769;52.03628261418635;
0;46.828189;9.351538;10.425648979534806;62.34623871146323;
0;46.82874;9.351521;7.179955161914816;57.10342066964222;
0;46.829237;9.35154;15.131977736639504;54.85072833475715;
0;46.829702;9.351459;30.780654364609887;68.54954982458003;
0;46.830106;9.350815;37.67934301626953;57.856635107960756;
0;46.83034;9.351275;34.468771759447016;51.350828870625264;
0;46.830356;9.351909;34.3310561275426;56.50860238009409;
0;46.830413;9.352354;24.7360363317845;52.959171891121514;
0;46.830788;9.352103;17.94596142728915;52.3794728863395;
0;46.831255;9.352298;15.389027924778723;50.03564901979189;
0;46.831437;9.352844;25.993612537067484;66.93952206599715;
0;46.83187;9.353585;28.957420197694194;90.47767315296369;
0;46.832224;9.354644;21.429730660331078;60.66338493028525;
0;46.832369;9.355438;25.362506973383926;53.6224593817642;
0;46.832567;9.356128;13.680884526812054;58.47575121565751;
0;46.832648;9.356382;32.56866834548765;65.09323554500588;
0;46.832987;9.357183;20.746812455762967;60.73222104294837;
0;46.833374;9.357529;12.01491867510817;56.59630484297668;
0;46.833594;9.358098;16.998470011309198;61.181976925458;
0;46.833659;9.358897;18.176500882601573;56.11641132624936;
0;46.833772;9.35962;15.140027683483897;59.44506964024913;
0;46.833863;9.360415;9.544569886495115;63.910685054870555;
0;46.83428;9.36092;10.357135669464098;64.68970006595191;
0;46.834442;9.361786;9.005460120427536;53.3009966821337;
0;46.834401;9.362404;10.429273403546757;76.70716540309877;
0;46.834446;9.363444;11.424594363960587;52.51827600047909;
0;46.834502;9.364311;8.403395210796745;105.90957317543871;
0;46.834619;9.365509;1.5203286435170449;52.62020178408784;
0;46.834634;9.366144;13.049434075775832;60.53902379310966;
0;46.834794;9.36565;19.112934461445306;59.64547214346385;
0;46.83505;9.364922;19.989026896405935;63.53485872933379;
0;46.835519;9.364085;14.888732899223259;69.85147809685441;
0;46.83582;9.363416;10.05305278031403;51.72558140928595;
0;46.835938;9.363036;16.391474095084636;51.246153648371546;
0;46.836091;9.362367;14.584634363107405;54.852249297633534;
0;46.836216;9.361761;17.875534187055564;54.26411260494933;
0;46.836187;9.361034;16.557016528679544;51.94172503906884;
0;46.8364;9.360418;20.660886117281613;52.27268539545548;
0;46.836657;9.359898;14.04249706170437;53.40930439254589;
0;46.836731;9.359354;18.95514239091941;61.72467480700652;
0;46.836936;9.358485;13.408740206631695;52.20475519794127;
0;46.837075;9.358038;11.61948515454224;52.49802309541701;
0;46.837166;9.357431;9.538767475556456;52.417673591611674;
0;46.837299;9.356954;11.188808561684102;50.94376196156736;
0;46.837311;9.357721;14.616238084956143;71.83791026780818;
0;46.837618;9.35856;14.078484662207453;50.43156398116844;
0;46.837695;9.359047;15.796885373931168;50.642894536678796;
0;46.837772;9.35968;17.354920817386642;54.739517972808244;
0;46.837984;9.360235;13.960023129365078;58.02282650206689;
0;46.838158;9.360854;17.46255276541856;52.111510397386155;
0;46.838199;9.361478;17.038761184779386;69.25386107612576;
0;46.838712;9.362062;13.81353757628788;50.674926399853575;
0;46.838641;9.362534;15.043008522728732;51.851330059507745;
0;46.838565;9.363201;16.248714384372338;51.08096433760147;
0;46.838518;9.363834;16.4903487689375;54.577378114361636;
0;46.838836;9.364396;17.7545101637356;51.81781933241655;
0;46.838683;9.36501;15.836955615409524;51.77762822054865;
0;46.838888;9.365603;17.06779832723452;52.7308785084424;
0;46.839125;9.36614;15.799751987532442;53.16539149872915;
0;46.839171;9.366763;16.086911100747216;75.21642858732594;
0;46.839075;9.367688;16.492609718573892;50.931903096814494;
0;46.839373;9.36809;15.944240012061039;52.056416572515445;
0;46.839584;9.368753;15.420572100263655;54.47268716999315;
0;46.839905;9.369221;8.971336604670554;52.389072075984586;
0;46.839921;9.368953;14.972313154597483;54.76775642701614;
0;46.839888;9.368255;16.418590642166993;60.297501873115834;
0;46.8401;9.367478;17.84136663925139;54.928527607520664;
0;46.840286;9.366777;17.551055262226377;73.49985403876781;
0;46.840578;9.365786;13.081540819772563;77.20803030124807;
0;46.840801;9.364981;19.120351929276918;89.43350029983776;
0;46.841084;9.363617;12.627357943392806;64.93836665405252;
0;46.841253;9.362981;13.292436706861638;74.47844378216541;
0;46.841613;9.362365;16.618388459018053;52.351646619976236;
0;46.841609;9.361746;19.10971527139651;53.37599150557435;
0;46.841698;9.360907;17.855419163736556;61.60594662678341;
0;46.841932;9.360034;15.552967411743612;77.15569435925863;
0;46.842126;9.359089;11.328562821386981;70.61796033736027;
0;46.842278;9.35841;19.160736694181733;57.930966732456;
0;46.842567;9.357624;14.152477535425332;54.407434887114505;
0;46.842707;9.357048;16.65882650308334;55.82626122121292;
0;46.842853;9.3563;15.027084744197444;61.888251502616185;
0;46.842972;9.355552;13.40004320590919;64.17889754420685;
0;46.843246;9.354955;13.85959814074848;66.37999101107562;
0;46.843656;9.354552;16.197613725145697;72.2328621890556;
0;46.844046;9.353791;14.609879729672498;64.3400231482301;
0;46.844396;9.35328;17.127999531712042;50.2101835306421;
0;46.844411;9.352603;14.384727510651949;50.05308577912365;
0;46.844748;9.352256;15.26126707765465;62.24909079738063;
0;46.845087;9.351814;20.829999462882473;51.84829706426535;
0;46.845152;9.350949;13.741557933048746;56.034403358888085;
0;46.845295;9.350354;9.867789757303576;58.777093378052086;
0;46.845468;9.350465;15.116464216373164;79.38364308104792;
0;46.84605;9.350521;12.834952011388514;54.53857555360446;
0;46.846465;9.35033;18.16290560355839;52.85497931630016;
0;46.846449;9.351073;11.61129912666397;55.11872470241724;
0;46.846391;9.351603;17.35732710056597;51.27517588643968;
0;46.846457;9.352336;14.5437511963684;57.069183100935334;
0;46.846568;9.353023;16.944318360470646;57.24632761049361;
0;46.84643;9.353783;15.899370991972955;63.52452562494;
0;46.846415;9.354623;15.08121982236875;51.71995429992239;
0;46.846493;9.355258;14.361254381248994;55.705440399728104;
0;46.846537;9.35595;15.25924320129583;64.22336855583853;
0;46.84675;9.356702;13.859063428494393;51.230013028169196;
0;46.846878;9.357347;11.037930291370431;71.57138876095632;
0;46.846852;9.358297;8.341143197954864;50.35281016431691;
0;46.846824;9.358873;9.049226889276941;79.56480800069039;
0;46.846792;9.359854;12.056207283511103;82.11537647946534;
0;46.846934;9.360791;11.093949663595954;60.39327924828831;
0;46.847255;9.361384;10.061627994245997;53.66924719427334;Tegia sut
0;46.847491;9.361856;-0.151959956039097;131.61362059659223;
0;46.847296;9.363587;3.194268461944675;65.74275221442804;
0;46.847412;9.364339;3.442153613485499;69.72379125084626;
0;46.847487;9.365267;6.5764097791626135;69.94697949898182;
0;46.84777;9.366095;9.701401616432191;50.508165662376996;
0;46.84802;9.366486;15.019697703934487;53.26338890232364;
0;46.848385;9.366955;14.088118442488065;53.236349698629056;
0;46.848777;9.367334;10.304400427729243;60.168469223262946;
0;46.849083;9.367844;27.9995162618908;53.57235410676003;
0;46.849523;9.367732;22.568371797870288;54.057953800420364;
0;46.849953;9.367842;23.95455504764673;53.0170565670669;
0;46.850438;9.367908;17.814172464378412;60.06453581493042;
0;46.850927;9.367751;10.668452840134748;64.67666964831369;
0;46.851563;9.367573;7.253370228903415;57.90411722351564;
0;46.851955;9.367203;13.447011701781864;52.79983506714052;
0;46.852326;9.367235;22.267695415769523;52.9915636965452;
0;46.852749;9.36722;20.01591356255078;54.45667001876791;
0;46.853179;9.367183;13.379857745726053;65.77050494285504;
0;46.853596;9.366673;28.868840632555226;50.57355848068255;
0;46.853779;9.366226;-4.393824438993848;56.89804029977313;
0;46.853216;9.366413;-3.015322002548075;66.32790787550766;
0;46.852847;9.365901;5.379875520802497;52.045813870096026;
0;46.852634;9.365426;16.57033578796579;51.29648613501922;
0;46.852556;9.364745;12.747795678331771;56.4803530090976;
0;46.852461;9.364053;3.092875625120767;51.73179247831649;
0;46.852361;9.363274;-4.954148479754471;52.481269195403;
0;46.852368;9.362692;-11.038355289514872;55.26185595597417;
0;46.85225;9.362023;-1.19873921232604;58.394686083684064;
0;46.852039;9.361346;-0.7369416589500781;54.278380811036186;
0;46.851855;9.360646;0.8705022191932918;91.90097191728637;
0;46.851651;9.359516;3.767188719526467;53.089986961189425;
0;46.851453;9.358892;-9.000783490651248;53.32869082992329;
0;46.851123;9.358537;-9.358615807532082;51.28963618889611;
0;46.851009;9.358043;-11.979905641467514;67.61322035761987;
0;46.850578;9.35873;-12.742886850538406;69.8428865012138;
0;46.850654;9.359503;-12.489176799235691;56.849223244520545;
0;46.850249;9.359058;-13.156609560810342;50.164899775238155;
0;46.849997;9.358498;-12.578132620159288;69.16765995976311;
0;46.849475;9.358171;-12.666903904492234;56.8410406701405;
0;46.849307;9.357469;-12.032254625077133;59.008059762985795;
0;46.849333;9.356696;-7.897878882018676;62.041974474384915;
0;46.849431;9.355908;-9.821177312706844;56.00143266819941;
0;46.849439;9.355166;-14.758399273623379;50.81851941358036;
0;46.849407;9.35446;-13.062719417852655;55.11869136651512;
0;46.84941;9.353782;-14.48710455999139;51.770179257990094;
0;46.849447;9.353102;-15.256816019509872;59.64547247841983;
0;46.849406;9.352291;-11.07750095224337;62.288417123563704;
0;46.849546;9.351581;-11.297413351855;52.22434389400587;
0;46.849779;9.351214;-9.072261756595312;50.70400439731384;
0;46.84936;9.351483;-11.207854593376245;54.426116516580805;
0;46.848871;9.351801;0.4758323119586049;126.09484159035128;
0;46.84977;9.350914;2.6792424688776673;74.64796573032072;
0;46.850362;9.350858;14.787794586158304;54.098668691869534;
0;46.850804;9.350487;15.07795887092195;55.04723862860919;
0;46.851273;9.350443;17.124586552563457;53.13996908519766;
0;46.85161;9.350139;4.36132119065001;52.73631313673468;
0;46.852063;9.350141;-3.8060728828495476;52.54760120364881;
0;46.852628;9.35004;2.734217933095485;51.202941179413756;
0;46.852989;9.349913;6.8027175419398445;64.68003371995655;
0;46.853478;9.349526;1.7873809543649275;55.94778200796645;
0;46.853908;9.349125;9.21566816162113;54.25542578478053;
0;46.854344;9.348672;14.126809487851755;56.62991354756741;
0;46.854582;9.348208;22.259842601988584;55.25645540234473;
0;46.854925;9.347754;15.300816639219006;50.977671217933676;
0;46.855351;9.347562;18.64999268360584;52.01074426440391;
0;46.85572;9.347336;20.191049546493566;52.99377813600586;
0;46.856186;9.347154;15.667987112478778;51.69777037631502;
0;46.856598;9.34703;16.046461776314928;55.46394042540123;
0;46.856177;9.346799;14.117190134502483;58.08521328871939;
0;46.855707;9.346569;18.509203501263613;50.78554568465552;
0;46.855282;9.346377;19.45536114475585;53.45570263445552;
0;46.855569;9.346217;18.459954380194237;54.17131480416356;
0;46.855513;9.345961;22.0384619475528;57.62652598091154;
0;46.855166;9.345501;17.144137799572018;55.99581683390352;
0;46.854827;9.344988;-2.4711865716917734;64.74622427658323;
0;46.854613;9.344174;-14.108386813585305;51.742272851282905;
0;46.854504;9.343892;-21.68407615324042;55.801316664310434;
0;46.854931;9.343396;-17.28504686829192;59.58907764892865;
0;46.855346;9.342937;-13.19390123925336;55.328593625377835;
0;46.85565;9.342524;-11.622966266154302;52.482299787472584;
0;46.855988;9.342392;-0.71041106396091;56.305429390398785;
0;46.856453;9.342049;-15.753550227629665;51.416981461065006;
0;46.856871;9.341874;-4.734548799339771;57.02760948152718;
0;46.857358;9.341685;7.800974812605804;57.68509844088112;
0;46.857706;9.341223;7.44162509967361;57.783077518757636;
0;46.858101;9.340655;0;140.51303935148462;
0;46.859013;9.339426;-6.550489058040361;59.537539341625234;
0;46.859371;9.338893;-14.570671498503259;52.84588291480759;
0;46.859735;9.338488;-20.496465644421686;51.716233344282955;
0;46.85995;9.337935;-26.161540369061065;55.042630505922716;
0;46.859678;9.337434;-24.53988544998872;53.38248227236909;
0;46.860006;9.337197;-18.80260762032407;60.62988831228722;
0;46.860167;9.336975;-23.754596775868865;51.35848069790518;
0;46.860431;9.336908;-26.704345778679762;59.166399847228604;
0;46.860206;9.336459;-14.63028134465995;53.31408068134624;
0;46.860397;9.336353;-15.768989064409315;52.000797048604;
0;46.860791;9.336675;-12.698563455835396;51.186892301688204;
0;46.861202;9.336732;4.817854973817168;56.041537461656844;
0;46.861512;9.336355;12.53918153719438;62.20501694519044;
0;46.862014;9.335992;18.592880289689493;53.784028317255434;
0;46.862453;9.335859;8.03311928670056;51.03870431487303;
0;46.862896;9.335891;13.26204294727149;53.536246475967346;
0;46.8633;9.335628;15.746556898800247;55.250173456413904;
0;46.863635;9.335282;7.635219625091547;56.31796085955284;
0;46.863947;9.334837;3.809400565780901;55.12678343317384;
0;46.864328;9.334455;17.360206808511133;54.72285039451526;
0;46.864376;9.333814;21.80081362314355;55.04381720534002;
0;46.864376;9.333191;13.459624183886499;54.23628401704627;
0;46.864501;9.332561;7.907333444678015;116.34769248528755;
0;46.865435;9.332032;9.916347020948928;51.43022918848874;
0;46.865897;9.33205;6.5702524573782135;51.74839204514865;
0;46.86615;9.331651;16.473594245587137;59.489142769343744;
0;46.866667;9.331473;9.468190055272958;59.14541181903769;
0;46.867199;9.331259;0.7924822513707184;63.09289566235384;
0;46.867716;9.331096;2.615140509383136;91.7732715082966;
0;46.868091;9.330646;12.214773501266277;67.95050271820219;
0;46.867662;9.330044;8.5969260984573;50.017877910708194;
0;46.867325;9.329709;-1.2337144603401584;121.58404948795214;
0;46.868023;9.328843;-0.7693867326802901;90.98155326407868;
0;46.868499;9.328153;-3.134608756460735;54.233243510723696;
0;46.868927;9.32763;-5.206680354864859;53.77706732820661;
0;46.869278;9.327252;-18.540367645599083;64.18427200295991;
0;46.869821;9.326777;-16.776284733449152;54.243237669041264;
0;46.870244;9.326463;-11.55739268653943;50.1843292627309;
0;46.870588;9.326618;-19.542528487341883;52.19386020906677;
0;46.871077;9.326467;-18.34103227366641;59.97481404464634;
0;46.871493;9.326056;-17.33907991583728;50.175672770579695;
0;46.871782;9.325641;-24.35631162080058;58.71168107320409;
0;46.872019;9.324871;-3.014992091729176;59.7016491332688;
0;46.871723;9.324274;-5.0917017207549815;54.99143809988891;
0;46.871297;9.3241;-18.149531590089232;51.791970240890805;
0;46.871196;9.323719;-21.760289686202775;54.22721926115628;
0;46.871423;9.323285;-1.3514185411558226;73.9963208692352;
0;46.871488;9.322519;-1.7265980182006868;57.91736058182869;
0;46.871161;9.32235;-9.674870679277785;85.78926039577345;
0;46.870335;9.322378;-15.665160958164872;63.83592244411557;
0;46.869892;9.322005;-29.98579000559128;69.03269847531192;
0;46.869211;9.321717;-24.644465656476154;66.54638095466362;
0;46.868706;9.321617;-29.880055763929047;58.90216584283189;
0;46.868135;9.321459;-22.938639615779902;60.16049875297176;
0;46.86766;9.321362;-25.36410564214004;55.590369315345015;
0;46.867124;9.321216;-22.331480785246544;61.796170763191185;
0;46.866803;9.321252;-16.594020777664984;57.24953660891333;
0;46.86707;9.321864;-9.001377469780273;52.214230719451734;
0;46.866655;9.32223;-2.531090949697394;63.21384856563236;
0;46.866229;9.322416;-18.713666298433335;51.29940786003863;
0;46.865872;9.322865;-14.220485221810494;59.77292523720098;
0;46.865662;9.323551;-19.643159968628474;58.544551988408784;
0;46.865116;9.32374;-18.19626125516723;52.758090606519545;
0;46.864649;9.323854;-17.834677915298634;54.38842263408151;
0;46.864182;9.323859;-22.02906108732797;59.01295542495063;
0;46.863712;9.323963;-30.038182564204064;52.599720260135655;
0;46.8631;9.324115;-17.263298063640644;59.084886111551896;
0;46.862679;9.324289;-20.39086868227625;60.32111820077262;
0;46.86255;9.323783;-18.791258692052427;51.61974596253276;
0;46.86257;9.323283;-17.781472004285632;52.30163170832384;
0;46.862193;9.323189;-19.515158133483705;79.93786108877975;
0;46.861619;9.323888;-18.74982373025863;60.80057158938871;
0;46.861163;9.324259;-19.348767977048148;51.166048462328035;
0;46.860731;9.324334;-31.988202828091662;50.01843987918255;
0;46.860342;9.324379;-22.78380386533079;59.252616814097564;
0;46.860408;9.323706;-27.896182410322307;52.336910424695816;
0;46.859966;9.323863;-29.421320726669194;50.64354567364353;
0;46.859585;9.324228;-25.406994819882318;50.37982685769384;
0;46.859372;9.324703;-18.23164662071128;63.0771330711068;
0;46.859291;9.323945;-19.572851435949328;53.645734932186315;
0;46.859089;9.324587;-22.509793946867788;55.087132424530864;
0;46.858714;9.325188;-16.10398587435149;56.50774951618223;
0;46.858541;9.325768;-23.431640769877745;57.187629887303046;
0;46.858335;9.326562;-16.02387977075908;58.662447138136486;
0;46.858137;9.327186;-15.987653447022582;53.16602607234381;
0;46.857873;9.326881;-19.338798923329755;61.017233008016774;
0;46.857514;9.326332;-11.766596157907362;70.53866631109122;
0;46.856845;9.32607;-13.716439619521209;82.38289463920228;
0;46.856216;9.326012;2.644037833126368;60.51350627264037;
0;46.855661;9.326113;7.797453463359067;79.51313886173739;
0;46.854923;9.325849;5.708854057449234;98.0932415445568;
0;46.854255;9.326357;4.808049339906959;64.47521189664258;Bargis
0;46.853833;9.325907;11.011767502908116;62.66024049434054;
0;46.853419;9.325245;7.534948306822447;74.32035061116039;
0;46.852969;9.324567;6.3410109935059635;59.92735234005522;
0;46.852692;9.323987;9.519324914141785;52.52473305719468;
0;46.852737;9.323246;8.90280506640235;64.02476475095318;
0;46.852732;9.322457;23.458647149932116;58.82692173934629;
0;46.852841;9.321603;23.53603418578217;60.75789951324259;
0;46.852933;9.320922;27.60086424152368;65.93996420090116;
0;46.853081;9.319941;25.906562016601555;57.51438570062601;
0;46.853265;9.319387;35.58904581063482;64.62662731218006;
0;46.853492;9.318189;14.692899965331735;53.08686520975607;
0;46.853543;9.317795;27.935704113771752;56.91641039454407;
0;46.853844;9.317232;31.185654546937545;59.642807791657106;
0;46.854166;9.316715;26.869725437582844;57.313574103216524;
0;46.85446;9.316131;23.728679561535387;53.94316176256689;
0;46.854713;9.315561;29.902892227784285;53.50652999756858;
0;46.85496;9.315131;27.256105617655923;55.033540779513714;
0;46.855098;9.314827;30.276057725607924;61.10438871422957;
0;46.855547;9.314362;28.51163884996234;52.61009400033072;
0;46.855592;9.313937;26.318616050656857;55.85400072597258;
0;46.85514;9.313917;38.31014555081936;51.68343715566152;
0;46.855544;9.313539;36.08420502944637;62.35415185574675;
0;46.855936;9.312935;31.213397871879444;68.56030249522883;
0;46.856352;9.312246;26.34791707193861;50.478373541584006;
0;46.856635;9.311769;22.465170267499005;50.74521966340399;
0;46.856541;9.311607;25.407733716256764;67.30234262908198;
0;46.856539;9.311125;25.282251849276893;58.14355496352073;
0;46.856809;9.310524;23.002332708846794;54.34231457400165;
0;46.857168;9.310053;24.050935631773008;52.38881427695742;
0;46.857399;9.309436;17.677543480111506;55.43756693923933;
0;46.85768;9.308855;19.107356165700455;50.76578840045113;
0;46.85783;9.308503;16.420560802557333;54.80933390897553;
0;46.857306;9.308622;13.746651091340553;50.92149319487362;
0;46.856923;9.308917;16.803368713482993;54.15580741674785;
0;46.856505;9.309347;9.524956300104277;66.14203573753912;
0;46.855998;9.309087;13.006774962988635;57.66225694948662;
0;46.855585;9.308615;10.44044545839765;61.300066414813045;Tegia Gronda
0;46.855632;9.30811;16.075363865494534;64.07319974951679;
0;46.855219;9.307159;6.2455746655152495;56.03967909190396;
0;46.854933;9.306911;9.954184930084724;64.29456600366393;
0;46.854631;9.306467;14.488253364915641;75.23336129940435;
0;46.854657;9.305355;4.77702784127212;90.01412892864028;
0;46.854955;9.304327;5.568627559088066;61.05633684284112;
0;46.855234;9.303799;8.125119511842088;65.22980975572864;
0;46.855277;9.304594;10.503035917683647;61.886868244029756;
0;46.855626;9.304904;14.40235375681897;50.68615952127584;
0;46.856006;9.305224;12.268574083229264;51.35071082638751;
0;46.856416;9.305335;14.550527607595054;59.79164628682338;
0;46.856805;9.304961;12.38979472376777;61.34080644145433;
0;46.856818;9.304158;16.59728502833218;59.648309847667406;
0;46.857121;9.303124;5.706705278233899;64.83600991473213;
0;46.857281;9.302601;8.991207877942273;50.04889288612321;
0;46.857286;9.302029;10.961703723891247;70.24455498845055;
0;46.857786;9.301302;17.368213444389056;59.30373917259567;
0;46.858318;9.300896;14.612526503119053;60.22230309126462;
0;46.858671;9.300684;19.097253072118942;51.316280739389185;
0;46.859147;9.30033;17.66787245570391;101.87983892870398;
0;46.859866;9.29959;7.924684995017853;56.78459147371905;
0;46.860189;9.299021;3.3176274183500207;117.55388740848139;
0;46.861099;9.298345;13.436660097580678;81.12134950829204;
0;46.861601;9.297753;26.11306319678431;72.37756772375724;
0;46.862089;9.297422;21.664128134308594;51.698364829477214;
0;46.862529;9.297229;19.887910263156865;55.30998407800507;
0;46.863028;9.297143;22.057929638295683;78.88319658881665;
0;46.863556;9.296618;18.36123254762004;70.80134716601606;
0;46.864026;9.297101;27.973356879894656;55.40986756273196;
0;46.864407;9.296972;17.4243537310617;67.7213065237811;
0;46.86482;9.296491;17.097140259116937;55.56484801564511;
0;46.865214;9.296854;14.848893307865785;86.20171035386011;
0;46.86586;9.296575;8.276808754189242;57.99336607324949;
0;46.866094;9.296757;8.307632712258162;52.963342896800896;
0;46.866476;9.296392;6.298900693708252;95.25471652526903;
0;46.867239;9.295953;28.114128583651766;62.95766894333792;
0;46.867664;9.295599;32.74951581299814;55.87868872472609;
0;46.86806;9.295277;32.22538609536986;58.33909931866219;
0;46.868427;9.294815;19.86838645070016;63.92064112258231;
0;46.86886;9.294354;28.76816251895875;57.35507086740836;
0;46.869285;9.294043;22.888494555732883;61.16610232232779;
0;46.869777;9.293732;20.44807642387469;57.70713956361578;
0;46.87018;9.293324;3.7212408709209694;75.24371834889462;
0;46.87051;9.292584;6.534470352103798;50.50141514434654;
0;46.870789;9.292079;6.487325545740889;60.11722353845107;
0;46.871163;9.291757;11.57454802148844;55.293735773680964;
0;46.871669;9.291908;6.3333987909759655;64.73617302990897;
0;46.872197;9.291618;4.846216982070039;96.98286348689726;
0;46.872828;9.290813;13.751791837120647;59.62859311079228;
0;46.873341;9.290717;12.388933645821142;62.15224183235114;
0;46.87384;9.291028;12.57140114667804;90.68201600592874;
0;46.874383;9.29179;23.497125585555747;52.772412331243686;
0;46.874662;9.292272;37.73872692861083;65.97996812956262;
0;46.875358;9.292616;22.568894509885055;60.70301757137349;
0;46.875769;9.292745;28.84938348240921;63.77952586480387;
0;46.876253;9.292648;30.90598274305052;55.65265516065119;
0;46.876576;9.292841;28.902534581312366;54.320495511667104;
0;46.876876;9.292433;38.971878947986966;53.628412496851524;
0;46.877214;9.291961;14.13822817194044;60.827989868404984;
0;46.87747;9.291232;20.946367274922526;59.6762189640649;
0;46.87772;9.290449;7.415544082435497;66.07741718650504;
0;46.877837;9.289665;3.7511217688407608;127.96172174073581;
0;46.877866;9.288045;31.9367604580544;59.80569013906643;
0;46.87816;9.287155;19.3667207023894;59.89656265641679;
0;46.878387;9.286661;4.1894098044773935;105.02672704154247;
0;46.878387;9.285309;2.451660190323281;93.8139799747878;
0;46.878219;9.284119;-0.16941160645919398;118.05566583065956;
0;46.878372;9.282627;0.8462068117340867;106.35697887562128;
0;46.878504;9.281114;10.048511515886268;51.7489579603789;
0;46.878541;9.280342;-1.1992228433041086;166.77467504618107;
0;46.878908;9.278561;-18.11270095439485;56.31407500008936;
0;46.878908;9.277907;-20.0440240556848;57.373708832375996;
0;46.878864;9.277166;-16.975835090964235;83.0592422961563;
0;46.878754;9.276158;-11.645211538549411;85.01348358703399;
0;46.878835;9.274763;-3.2255461649373145;120.90975607152359;
0;46.878849;9.273358;1.1606574614173881;103.38967696243344;
0;46.878813;9.271877;2.886815050059;124.70490618811164;
0;46.878959;9.270429;6.515984854388593;65.99155915937445;
0;46.879113;9.269667;-1.9510121414470838;61.50653676146612;
0;46.879077;9.268691;0.3416674397309206;117.0729058394063;
0;46.879054;9.267424;9.426367984252604;50.92099107544345;
0;46.8789;9.266673;-0.9396609360484045;74.49495590862352;
0;46.878762;9.265738;-0.1263891225013033;79.12073287705425;
0;46.878708;9.265093;11.07594671397076;55.074298906707554;
0;46.879014;9.26438;0.7467717226843638;66.95486516317033;
0;46.87921;9.263591;-1.2968064497320528;61.690007800738385;
0;46.879307;9.262796;-0.3823453660027247;52.308728647803946;
0;46.879468;9.262141;-27.00027058860262;144.81336352423386;
0;46.879096;9.260488;-18.224746916508554;50.48081074676884;
0;46.879298;9.259876;-13.783741334317073;60.215871719352435;
0;46.879439;9.259145;-24.598708919388258;52.03525128878391;
0;46.879424;9.258516;-30.19346818369444;58.29075312886562;
0;46.879144;9.258133;-32.72186782616432;53.17544857902976;
0;46.878754;9.258113;-27.9249998022163;50.49239068886527;
0;46.878783;9.25748;-36.36843432200158;52.518070563310175;
0;46.878693;9.256802;-21.151479560313998;59.0975206455696;
0;46.878692;9.256176;-12.643752622945446;52.99059701501392;
0;46.878775;9.255511;-4.9105130640156505;52.9476241302109;
0;46.878716;9.25479;-11.56858094276276;54.457846050179796;
0;46.878705;9.254163;-21.600999366134513;52.775336023907585;
0;46.878667;9.253565;-25.297877249016352;64.43228354518942;
0;46.878718;9.252886;-17.266385378747476;53.86188131447125;
0;46.878568;9.252187;-25.190142991609843;66.69275361237669;
0;46.878484;9.251361;-23.2049183930457;53.006004122325976;
0;46.878473;9.25075;-22.86324408126078;52.92337324044638;
0;46.878291;9.250127;-27.891704116850637;55.93060909668566;
0;46.878021;9.249491;-17.733392831204625;58.08251189177827;
0;46.878026;9.248713;-13.835440832909407;54.20860882264242;
0;46.877923;9.24797;-11.48920932456142;53.09329674200853;
0;46.877832;9.247233;-9.40517884739446;54.22544411702256;
0;46.87786;9.246724;-7.274197229493969;50.86471927099046;
0;46.877859;9.246096;-15.104298523649451;61.571876280373544;
0;46.877893;9.245334;-1.7251902834720956;75.35400659594598;
0;46.878002;9.244324;-14.524126418069047;102.58792557370907;
0;46.877839;9.243667;-33.88802837903581;72.00182827719254;
0;46.877648;9.242676;-22.246773333975867;53.49090324854478;
0;46.8776;9.242158;-19.000776932481575;51.57683833047486;
0;46.877559;9.241865;-33.27235410204447;50.492369576480996;
0;46.877294;9.241368;-33.92270418953734;51.587868414681;
0;46.876987;9.241092;-33.0480746089445;54.76869746324519;
0;46.876623;9.240749;-30.569838127196718;51.684931841176876;
0;46.876693;9.240322;-24.11581253579825;58.05319633836916;
0;46.87659;9.239954;-20.229759384322264;57.83558656198147;
0;46.876068;9.239975;-27.41875089655806;66.37793263691128;
0;46.875551;9.240472;-18.32366887412403;64.39758369931951;
0;46.875328;9.240728;-18.96360223819733;55.369227154798864;
0;46.874907;9.240408;-21.288651723086815;50.261520265259605;
0;46.87449;9.240357;-18.35921605310276;53.37918553632335;
0;46.874096;9.240199;-26.500617485949235;60.37595164898812;
0;46.873635;9.239895;-20.97005288202919;50.07140448843711;
0;46.873228;9.23977;-27.4555008387914;51.72005451066798;
0;46.872858;9.239656;-11.9879448809253;50.8844515101664;
0;46.872504;9.239235;0.8133074707602436;61.47736470840755;
0;46.871978;9.239211;10.34319658968782;50.2745931096797;
0;46.871557;9.239277;-1.918474715166984;156.37422668554063;
0;46.870164;9.2395;-4.375742989383886;61.7038067946487;
0;46.869656;9.239382;-2.081172644147031;57.6598007558423;
0;46.869183;9.239377;-2.202662757977126;54.479515561513836;
0;46.868733;9.239284;0.5875681287783882;51.05790891413926;
0;46.868443;9.239835;18.865795214312083;56.18634083316283;
0;46.867992;9.240072;0.25823496660130124;77.44884537987673;Segneshütte
0;46.867506;9.239647;-1.406507793924519;92.42750062354025;
0;46.8679;9.238769;-24.23200619740174;66.02837532170815;
0;46.867226;9.238871;-17.97272339049628;63.429452244439744;
0;46.86671;9.239013;-24.32495658885508;66.18716847937321;
0;46.86617;9.239092;-26.456423176384753;52.53922613547911;
0;46.865495;9.239264;-13.892954682211196;63.34145760417596;
0;46.865117;9.239266;-11.828820240829941;62.55907055259013;
0;46.864617;9.239305;-12.00835362400589;54.96173919134162;
0;46.864096;9.239269;-8.19582167523813;50.02549057878059;
0;46.863697;9.239172;-12.046884278670339;51.46558941366675;
0;46.863077;9.239222;-7.019764842569195;54.13286748519022;
0;46.862645;9.23905;-2.096003718133468;214.69427563837235;
0;46.860666;9.238659;-10.77650859480212;87.226766603555;
0;46.860112;9.238627;19.389844015456326;61.372334870327904;
0;46.859777;9.237689;3.432764286150569;58.262083652785805;
0;46.859535;9.237504;19.20856632083395;78.61076015664003;
0;46.859221;9.236651;15.924976261075063;50.23555369155656;
0;46.85911;9.23617;39.21971593539088;58.13402635949751;
0;46.859412;9.235643;22.410197378549437;54.885728100605775;
0;46.859815;9.23558;23.39476811207665;64.11689967662824;
0;46.860364;9.235473;28.314589595913116;61.45241816435009;
0;46.861086;9.235267;11.355979158601146;74.85043677243812;
0;46.861287;9.234889;21.626639651227087;66.58454680074647;
0;46.86161;9.234014;4.103560759926577;82.85487163253129;Nagens
0;46.861644;9.23287;3.886046627253106;51.46618638010841;
0;46.861626;9.232166;6.592526772504984;162.30499123076152;
0;46.861772;9.230454;10.54800939655661;54.98667835746892;
0;46.861998;9.229672;10.829085355548932;76.64543890354253;
0;46.862187;9.228816;-0.913012614438792;87.62200952628336;
0;46.86216;9.228915;-11.999873470431686;51.66721145249903;
0;46.862034;9.229579;-12.332855547219555;54.326428898377344;
0;46.861797;9.230366;2.5141663900108817;63.63938386723021;
0;46.861869;9.229986;11.00258829901659;70.89240993137355;
0;46.862077;9.229341;9.560465852585223;51.25273261318216;
0;46.862226;9.228693;5.732390775744359;64.54549497315747;
0;46.86251;9.227977;12.706706922397803;67.68079292708717;
0;46.862851;9.227281;19.325768342661924;60.54093059871957;
0;46.863333;9.226919;18.70906143978743;55.588037024041114;
0;46.863583;9.226332;16.714349936760883;56.23910014786816;
0;46.864032;9.225792;13.125200983353153;53.33251665157877;
0;46.864034;9.225223;16.716503697671783;64.00860008478048;
0;46.864357;9.224744;7.0730852513525635;50.897166824215674;
0;46.864403;9.224052;0.9005365970786096;66.62694241925783;
0;46.864278;9.2233;10.159375024820061;52.168563391467615;
0;46.86475;9.22283;4.789253982782619;77.25629113221657;
0;46.864869;9.221861;8.300784779996011;101.19525108328526;
0;46.86484;9.22057;5.810753108500082;80.88452412690822;
0;46.864871;9.219618;6.932142564774383;69.24266134385834;
0;46.864316;9.219239;4.745023478283745;52.6867782939662;
0;46.864078;9.218755;-1.5751491130479245;101.57768472496537;
0;46.863539;9.217417;-0.1573380200701336;63.557428748492384;
0;46.86351;9.216673;-1.0009830313162897;59.941076045106456;
0;46.86345;9.215955;-4.7432239345173235;69.5729327891313;
0;46.862903;9.215222;-4.1514152974291925;89.12623129494023;
0;46.862361;9.214604;-2.1280784416181913;70.4861235688004;
0;46.861987;9.213913;-9.664607273110526;70.35981709178304;
0;46.861993;9.212997;-5.624242980922192;62.23059728877706;
0;46.86206;9.212254;-0.3238523623096125;92.63480366815202;
0;46.861881;9.211182;1.1407699503370674;175.3201861084308;
0;46.862102;9.208838;-0.257871676085252;77.55795558318641;Plaun Cumin
0;46.862087;9.207863;3.966028338922112;50.42828313585778;
0;46.862158;9.207263;14.4878213447652;56.59926226908283;
0;46.862183;9.206549;18.075090387207634;55.87800549616077;
0;46.862139;9.205875;6.3738598006530465;53.34287396236323;
0;46.862052;9.205188;-0.18810329196274705;53.16228065785981;
0;46.862039;9.204495;5.300330599581148;64.1469420844951;
0;46.862135;9.203734;18.23784853458818;52.08947745115438;
0;46.862346;9.203116;0.6250622473195369;79.99203313656471;
0;46.862625;9.202263;-3.81829674225035;60.236282176556415;
0;46.862985;9.201793;-16.201538681461493;51.846927413207595;
0;46.862887;9.201128;-11.662035939601996;54.87892537071457;
0;46.862883;9.200464;-8.391129408514292;57.203265094794915;
0;46.862997;9.199709;0.1498722817175587;66.72347872061073;
0;46.863095;9.198881;-1.487771501804375;134.42924518814834;
0;46.862293;9.197661;6.123813017932077;52.25502461667929;
0;46.861974;9.197273;1.0533601298018525;56.96057625735557;
0;46.861563;9.196991;22.670333237453722;51.6092987141019;
0;46.861319;9.196682;12.963167997985025;50.913480416405946;
0;46.861298;9.196136;13.498144395728662;50.37729483877774;
0;46.86121;9.195489;3.9848368631759405;72.77587764756754;
0;46.860984;9.194693;4.77369069512338;52.37038089949783;
0;46.861019;9.194112;5.735126737979582;52.309218907634204;
0;46.861018;9.193454;8.004491332975547;53.7198407884498;
0;46.861028;9.192763;7.866045969243713;53.394043416759814;
0;46.861083;9.192092;7.454031741863308;50.97912286391511;
0;46.861111;9.191427;5.090691685443818;53.03797925379331;
0;46.861013;9.19075;8.081158054845728;50.73530269020557;
0;46.861065;9.190097;9.694921136398806;50.54192737683479;
0;46.861066;9.189415;10.95662333646252;52.02332712333737;
0;46.861064;9.188778;3.8063868731486017;76.18773647149646;
0;46.860926;9.187806;8.205855058553313;56.057534128696716;
0;46.860977;9.1871;4.946364059585471;50.542175421869615;
0;46.860878;9.186492;-0.9008514950971926;66.6036525737436;
0;46.860836;9.185612;-3.0176014650731102;53.02224361032859;
0;46.860652;9.185013;-2.8752368049796284;55.647590390792175;
0;46.860445;9.184486;2.3535733873151305;63.73287563856866;
0;46.860406;9.183687;5.179119693489588;52.13241167981323;
0;46.860203;9.183124;15.169602789478065;50.10019118807395;
0;46.860161;9.18245;8.146705709203554;50.327091051884054;
0;46.860069;9.181888;12.151854093760493;54.312699519563466;
0;46.860091;9.181213;17.463281502130794;52.109335802037094;
0;46.8601;9.180548;3.358044713622421;56.58054499072023;
0;46.860062;9.179845;0.24798627000662726;80.64962628573267;
0;46.859778;9.179053;-5.369716138639217;52.14428337937716;
0;46.859496;9.178508;5.6409193544570035;51.41005956252047;
0;46.859331;9.177904;5.581437999287443;53.749589270417346;
0;46.859324;9.177326;7.09308897458349;52.163451117812656;
0;46.859129;9.176756;3.5075822833422143;51.31739912556077;
0;46.858713;9.176511;-2.3084601075243056;56.31459672025085;
0;46.858358;9.176012;3.9907169452646323;52.62212351322523;
0;46.858164;9.175414;0.916507334178863;54.554937135115324;
0;46.857821;9.174975;31.065544665247945;51.8259060753262;
0;46.857505;9.175004;5.293662797782705;51.00438209118147;
0;46.857192;9.174628;4.621513886766016;56.25862138908997;
0;46.856769;9.174344;0.1981931710683936;50.45582522409677;
0;46.856427;9.17398;9.501585158978388;53.67525433564879;
0;46.856376;9.173296;8.574951598049573;52.47843032750825;
0;46.856527;9.172649;18.416331366349336;52.127645886852406;
0;46.856438;9.172108;11.666227894496988;51.430505680677015;
0;46.85631;9.171482;0.9468003102062037;52.80944615355111;
0;46.856133;9.170902;-7.081468829772948;53.66118373667996;
0;46.855856;9.170443;6.592861802727397;50.05413580237655;
0;46.855751;9.169863;-9.665053340820057;51.73277191221132;
0;46.85539;9.170049;-20.984080138365023;51.46758842316194;
0;46.855062;9.169848;-2.9675375302060267;50.54695971767069;
0;46.854851;9.16935;-8.771627232848836;50.1617303517196;
0;46.854684;9.168878;1.6629803022506722;408.9044224274112;
0;46.851975;9.171845;17.509086308455238;82.24301226413081;
0;46.851512;9.172403;10.711949351730524;133.49577682319796;
0;46.85083;9.173368;26.68402011253222;81.69683543957944;
0;46.850412;9.174001;30.929643982185244;61.42974038415559;
0;46.850162;9.17324;7.460176740198072;83.10795060112287;
0;46.849604;9.173217;-0.6984420587592524;114.54063940842025;
0;46.848822;9.173736;-8.408741408222067;67.78660114849481;
0;46.848194;9.174668;-9.068939642374406;76.08386726668687;
0;46.848041;9.175159;-33.50561021661717;50.14085668455664;
0;46.84763;9.175278;-7.116082351878402;60.426506993200746;
0;46.847049;9.175558;-4.065891477915795;159.86653936302173;
0;46.845729;9.176522;-10.766591255155781;53.87034635704913;
0;46.845607;9.176685;2.9609027366440754;50.66022539126425;
0;46.845031;9.177259;18.298073496491863;69.95271935296478;
0;46.844772;9.177726;15.90304628784287;64.7674653872673;
0;46.844347;9.178331;19.673190433475167;51.33890221900219;
0;46.844013;9.178571;5.350244663361668;61.67942230003973;
0;46.843498;9.178863;8.04504063099672;101.92614774878894;
0;46.842692;9.18007;-4.519684877435724;130.54007436348184;
0;46.842269;9.181345;-33.22465986920166;50.86583298830374;
0;46.842219;9.182282;-10.27633453667075;63.25212532547448;
0;46.84217;9.18275;-9.515084557028189;62.00680576865852;
0;46.842348;9.183426;-9.203325059037676;109.7429454594967;
0;46.842255;9.185092;-11.050986879040673;104.96800083982089;
0;46.842247;9.186485;-8.370502299182894;76.4589718901916;
0;46.84222;9.187416;-18.29495786932024;85.8159942873026;
0;46.842175;9.188667;-8.27475418603906;68.8842214747201;
0;46.842242;9.189203;-7.509120445620747;183.77651683624572;
0;46.842122;9.191633;-13.817683299443068;68.02877006436029;
0;46.841854;9.192282;-9.469434814468713;87.6504264786563;
0;46.841611;9.193313;-21.376718595406555;69.70199815046362;
0;46.841877;9.194655;-1.7521789849052969;57.07179509712296;
0;46.841919;9.194853;-9.72518243320276;78.14763427010621;
0;46.841748;9.195759;-6.385876813637445;98.65520716820174;
0;46.841593;9.196928;-28.043799870932055;57.41019431781024;
0;46.842009;9.197121;-30.594897088742584;55.564821645552;
0;46.84217;9.197709;-25.470253485012982;53.00300606722885;
0;46.842444;9.197959;-26.3943239057205;53.7994458608664;
0;46.842798;9.19855;-11.221689360404078;66.83485667018977;
0;46.842815;9.199158;-27.879069929854044;56.31464765324927;
0;46.842849;9.199625;-28.857072398667476;52.67339593569341;
0;46.84312;9.199974;-22.794882070390805;50.44992101511161;
0;46.843515;9.199923;-24.437718325938043;50.3320311493444;
0;46.843917;9.199745;-20.311505788670946;55.141160466038855;
0;46.844185;9.19979;-27.567304062758353;52.2357934138854;
0;46.844489;9.19975;-23.653988758297682;53.26797154065571;
0;46.844736;9.199769;-25.676496485285988;52.18780532491655;
0;46.844973;9.200132;-19.721363107800045;55.270013235996885;
0;46.845327;9.200273;-18.98353103726643;52.150466531042184;
0;46.845664;9.200185;-18.43359816629008;50.993842413197854;
0;46.845675;9.200586;-30.922800238440963;54.32884431700222;
0;46.846018;9.200811;-21.462174872963168;52.65076846538432;
0;46.84634;9.200791;-20.3779766270627;53.979844031186076;
0;46.846714;9.200816;-37.77540312584456;66.97479816619307;
0;46.84701;9.199962;-10.602627144133594;57.53291063691722;
0;46.847358;9.199881;-16.657931688884435;70.83712564312009;
0;46.847505;9.201052;-6.191281395711739;100.1408206755732;
0;46.847569;9.202054;-6.672491211935748;52.45417174531758;
0;46.84771;9.202764;-7.924294389947385;74.45457866235665;
0;46.847837;9.203734;-25.086919460884076;52.218448025974794;
0;46.847905;9.204211;-13.147463162627677;77.58150659051898;
0;46.848056;9.205269;-26.608870555684184;158.89114839174727;
0;46.84854;9.207723;-7.5065744705202855;142.81960489571793;
0;46.848549;9.209193;-6.843849467428978;59.90780509584147;
0;46.848534;9.209508;-4.172497852527277;59.91614827280864;
0;46.848863;9.20937;-11.59414398920246;56.06278485115763;
0;46.849275;9.209422;-28.265041855281435;54.83805783611024;
0;46.849318;9.209689;-32.718075152656326;50.73648105075699;
0;46.849426;9.209975;-3.6922003151096274;113.7533080968642;
0;46.849243;9.211513;-21.964230405762105;65.10585500072193;
0;46.849099;9.212262;-17.882466057840883;67.66404566832352;
0;46.848916;9.213123;-15.781448205492316;66.53381783013901;
0;46.848961;9.213933;-6.612173497623362;63.5192044115247;
0;46.849095;9.214767;-14.282064886399976;51.813236103182135;
0;46.849277;9.215173;-35.378767651586784;58.22701401832455;
0;46.849185;9.21642;-12.206201780495128;132.71941830329888;
0;46.849182;9.218063;-14.963187512130727;62.15253262354963;
0;46.849198;9.218934;-12.338335559759905;126.43520614626323;
0;46.849237;9.22016;-19.610439798907752;60.17203143326333;
0;46.849247;9.220978;-30.075821262528756;70.48851572479907;
0;46.849041;9.221996;-17.03816113400497;80.40773820748291;
0;46.848866;9.222869;-11.474915507357634;54.90236504103814;
0;46.848717;9.223393;-14.591994783347486;65.1041899414704;
0;46.848454;9.224405;-20.60386946237636;68.43374748489441;
0;46.84836;9.225101;-20.154816164780748;57.05832246733917;
0;46.848005;9.225192;-25.953556439398263;66.65753127281641;
0;46.847593;9.225845;-11.040947752505959;87.85477675862057;
0;46.847353;9.227128;-10.994317840352636;78.22222465167579;
0;46.847218;9.227968;-20.511226150646387;73.61822198778827;
0;46.847135;9.228858;-4.445686903872998;65.23176424037956;
0;46.84681;9.229518;-4.691407114156077;215.28722096029378;
0;46.846004;9.232015;-2.721901163607534;88.17366449922702;Plaun Station
0;46.84597;9.233006;-3.6459634341668425;79.54001877319388;
0;46.845295;9.233646;-1.9815289858709024;529.8938382869601;
0;46.843758;9.240531;1.5150712122190806;257.4136429064529;
0;46.84324;9.243415;7.059962448677107;134.56162223327556;
0;46.843824;9.244415;8.661596684973938;81.9710298023565;
0;46.843527;9.245276;6.557312342234681;76.25075242787716;
0;46.843541;9.246186;-3.868445517233349;108.57074195021414;
0;46.843028;9.247064;-20.40447170074717;62.73134726409626;
0;46.8426;9.247193;-24.9026331296419;57.42364642949542;
0;46.842193;9.247118;-30.333771309485364;56.37281241931487;
0;46.841815;9.247253;-27.819217680664476;65.7818642136699;
0;46.841391;9.247527;-28.6990574880534;51.918081303549116;
0;46.841025;9.247579;-22.197743123770948;62.618978526312276;
0;46.840523;9.247758;-24.37822950276789;52.91606594537734;
0;46.840115;9.247357;-26.599735702626422;50.000496804510476;
0;46.839709;9.247116;-23.89744586752665;53.98066417436348;
0;46.839328;9.247374;-17.201193921062565;67.43717937971815;
0;46.838541;9.247243;-14.247378522427837;58.95821457103011;
0;46.838772;9.247885;-11.51085248608752;58.20594094223634;
0;46.838964;9.248249;-20.57301757156657;52.495945052447496;
0;46.839471;9.248513;-18.136268123854585;92.63206678061397;
0;46.838851;9.248886;-27.872368210622273;59.19841426933999;
0;46.839259;9.249407;-25.977310666433457;70.83104265975999;
0;46.838699;9.249635;-12.772745129346003;61.06753028430103;
0;46.838927;9.250187;11.45625963673;56.73754092618765;
0;46.839208;9.250626;11.422655662247331;72.66261231555836;
0;46.83978;9.250893;-0.8882117282063127;67.55146109270572;
0;46.840048;9.251392;-4.649626410614639;51.61705023270042;
0;46.839611;9.251947;-10.578911791482772;71.84103762089217;
0;46.839388;9.252465;-9.134486455948226;74.44315597591049;
0;46.839077;9.253288;-16.860565625949388;58.71689135246561;
0;46.838587;9.254078;-5.851773417834613;97.40636885611457;
0;46.838451;9.254986;-17.237601054055215;56.272331454834784;
0;46.83824;9.25578;-9.349210887592974;50.271622455722536;
0;46.83812;9.256453;-4.6064515851717465;56.44257737060252;
0;46.837987;9.257148;-4.237682359173102;205.3008994684933;
0;46.837768;9.259382;-8.549055679415922;52.63739258167334;
0;46.838357;9.259943;-0.5392796783792739;259.6055546182615;
0;46.840161;9.261564;-3.6085620128039833;66.50848707834666;
0;46.83976;9.262161;-7.722220201680758;56.97843217475747;
0;46.839274;9.262676;-3.5224556227099564;164.65785864288046;
0;46.838073;9.263991;-4.5595982713477206;50.44304044180899;
0;46.837714;9.264156;-4.029636830641589;84.37484922081057;
0;46.837212;9.264812;-5.891680663267264;100.14120481417922;
0;46.836311;9.265155;-8.115078171372955;102.2787436512881;
0;46.835497;9.26556;-11.414466437961131;72.71474356783438;
0;46.834849;9.265747;-19.463736398875163;94.5347780247539;
0;46.834173;9.266576;-15.444198098224437;60.21678782447998;
0;46.833896;9.267037;-4.289882160237243;111.89118536846945;
0;46.83377;9.268286;-6.831128416462093;64.41102745772514;
0;46.833213;9.26894;-11.844435062253106;54.03381390807044;
0;46.83287;9.269372;-10.528291691338202;51.290372249495704;
0;46.832604;9.269681;-9.72268369458856;75.08215045669931;
0;46.832246;9.270391;-3.2414043090404827;58.616569204299594;
0;46.832488;9.270949;-6.153429174882482;63.37929452279059;
0;46.833115;9.270876;-3.638608350269909;118.1770497415855;
0;46.834266;9.270524;-2.444076960124641;106.3796288913727;
0;46.834756;9.270937;-17.37038165025821;50.660947912270785;
0;46.834319;9.271396;-13.618903936450936;52.86769062765234;
0;46.83405;9.271891;-12.21085125161619;74.52387890480168;
0;46.833771;9.272493;-10.439257990315367;65.13872926896147;
0;46.834232;9.273116;-22.94475047413713;91.96003253024537;
0;46.834329;9.274317;-11.306080416352641;76.94974455883494;
0;46.834314;9.275218;-6.433349277716539;73.05681375453423;
0;46.833793;9.27571;-12.456808677821272;107.57169309229357;
0;46.833311;9.276547;-17.408380107862182;72.95337028092763;
0;46.832903;9.277626;-21.06977176725341;81.63353732541145;
0;46.832604;9.278254;-9.908834218454135;57.52442592474108;
0;46.832296;9.279122;-7.527246942688931;74.39639010965766;
0;46.832151;9.279558;-8.121435876468215;83.7290363850916;
0;46.832846;9.279715;-14.268891078581971;57.46767534239916;
0;46.832867;9.280463;-6.402661357520745;59.35031993432494;
0;46.833217;9.280972;-27.818672531497967;59.672149996389635;
0;46.833293;9.281442;-19.352219306982953;50.1234501641884;
0;46.833133;9.282101;-20.867770807947114;115.00988879396755;Stenna Center
0;46.833287;9.282806;-5.061588179007863;162.0044877220207;
0;46.833047;9.284451;-1.6100910023167099;149.05989764221886;
0;46.832475;9.286007;-0.6297904851031677;142.90466770908097;
0;46.83218;9.287517;-0.19679742199771783;50.81367376909475;
0;46.832131;9.288058;0.6174502765881656;291.5214501070732;
0;46.832178;9.290885;4.475259772179386;87.14577920692682;
0;46.831863;9.291941;-0.8408020738005525;118.93405489354336;
0;46.831706;9.293897;-1.2445558467523272;104.45493493862159;
0;46.831516;9.294766;-7.516996891663993;50.552102851259406;
0;46.831682;9.295438;-4.261068893256545;61.01755369678722;
0;46.831739;9.296128;1.4243723897733314;77.22699540496978;
0;46.831456;9.297067;1.4325287839064742;111.6906004245684;
0;46.830699;9.297773;0.26402096550812354;75.75155996234389;
0;46.83009;9.298483;3.7818024916579533;68.75028523396759;
0;46.829853;9.299122;6.437352635907537;54.37017665425083;
0;46.82934;9.299546;4.969771289522991;60.36495092489349;
0;46.828972;9.300127;2.58297164170269;50.32962727933773;
0;46.828667;9.30034;2.44330394571526;57.2994613484334;
0;46.828174;9.300802;-0.5245052480325435;57.19675849293708;
0;46.827863;9.300977;-0.3289543474248303;121.5974201682402;
0;46.826779;9.301113;-0.3622873539984105;82.80719619087176;
0;46.826197;9.301482;6.542729183445966;56.55132432137907;
0;46.825647;9.301628;-0.7774193519385943;77.17842352441221;
0;46.825081;9.30186;-2.8625173754382613;83.84228583530057;
0;46.824339;9.301263;0.5931446636635257;101.15576127656095;
0;46.823736;9.301096;-1.2426706812636326;128.75494884719956;
0;46.822673;9.301314;-3.0861261889517655;97.20924603601452;
0;46.822414;9.300771;-6.519049108301438;65.96054008128704;
0;46.822116;9.300174;-11.888889212767637;83.2710257689032;
0;46.821204;9.300325;-11.350951716261672;70.47867174466955;
0;46.820841;9.300322;-9.663347977921276;50.70706354769936;
0;46.820563;9.299883;-9.914927498277763;56.48049368966895;
0;46.820299;9.299272;-11.909691892896843;51.218789326012484;
0;46.820122;9.298771;-9.30601484563788;59.10156056303822;
0;46.819808;9.298619;-0.46464374630673455;451.95916585385567;
0;46.818913;9.295073;-0.1323009224511456;453.51157715592126;
0;46.820822;9.291807;0.5602301758063744;124.9486425811483;
0;46.821496;9.292774;2.375005288872526;92.63137266715057;
0;46.821908;9.291964;14.27405075532811;55.34518641844625;
0;46.821983;9.291001;17.8643659346158;60.45554619474569;
0;46.822262;9.290529;14.915043433121156;56.98944182170089;
0;46.822057;9.289753;0;159.89802948043507;
0;46.821712;9.287919;-6.083882292504772;200.52984941918112;
0;46.821412;9.285356;-5.260666874573153;93.14408452060889;
0;46.821495;9.284391;0.3127903644936024;255.76235421933234;
0;46.821074;9.281946;5.13893457961059;62.269716619790415;
0;46.821311;9.281474;9.324263961354557;76.14542047958821;
0;46.821806;9.280961;8.544565617032859;73.73107402255118;
0;46.82209;9.280101;7.208251046121951;90.17443979697418;
0;46.822401;9.278845;1.2648948873320762;55.34056679416972;
0;46.822587;9.278587;13.46920909811857;69.7888044615247;
0;46.822597;9.27763;11.55475894835294;56.25387798268639;
0;46.822318;9.27704;11.022162930499082;60.78661731138709;
0;46.822754;9.277111;8.856727702917992;58.712429403094575;
0;46.823095;9.277272;2.899552848932703;72.42496030975599;
0;46.822898;9.276356;10.54081114604555;54.07553480491333;
0;46.823014;9.275858;3.9841146893074213;57.72926181499497;
0;46.823264;9.275235;2.3882352372755125;79.55665213982866;
0;46.823916;9.275162;3.456457980208837;54.96956742650946;
0;46.824126;9.275586;-2.3978066555141506;100.09147295010916;
0;46.824722;9.276544;-5.606982858774237;64.20565374774742;
0;46.824463;9.27737;1.3942114548329962;86.07015785448311;
0;46.824232;9.278372;5.32427317325677;52.58933771587908;
0;46.823875;9.278462;-8.203621912299688;106.05071873139241;Ziel
